# ENDF/B-VII.1 n-092_U_238 (MAT 9237), MF=2 MT=151, Reich-Moore, l=0 block. Source: https://www.nndc.bnl.gov/endf-b7.1/
energy_eV,J,gamma_n_eV,gamma_gamma_eV,gamma_f1_eV,gamma_f2_eV
-4405.25,0.5,139.35,0.023,0,0
-413.3,0.5,0.0521545,0.023,0,0
-393.3,0.5,0.0499389,0.023,0,0
-373.3,0.5,0.0476472,0.023,0,0
-353.3,0.5,0.0452735,0.023,0,0
-333.3,0.5,0.0428111,0.023,0,0
-313.3,0.5,0.0402535,0.023,0,0
-293.3,0.5,0.0375933,0.023,0,0
-273.3,0.5,0.0255145,0.023,0,0
-253.3,0.5,0.023972,0.023,0,0
-233.3,0.5,0.0223463,0.023,0,0
-213.3,0.5,0.0206268,0.023,0,0
-193.3,0.5,0.0187996,0.023,0,0
-173.3,0.5,0.0168516,0.023,0,0
-153.3,0.5,0.0147675,0.023,0,0
-133.3,0.5,0.0125362,0.023,0,0
-113.3,0.5,0.0101582,0.023,0,0
-93.3,0.5,0.00765843,0.023,0,0
-73.3,0.5,0.00508612,0.023,0,0
-53.3,0.5,0.00293296,0.023,0,0
-33.3,0.5,0.0100455,0.023,2.01e-06,0
-7,0.5,0.0001685,0.023,0,0
6.67349,0.5,0.00147579,0.023,0,9.99e-09
20.8715,0.5,0.0100938,0.0228638,5.42e-08,0
36.6821,0.5,0.0335457,0.0230022,0,9.77e-09
66.0312,0.5,0.0241782,0.0233076,5.265e-08,0
80.7474,0.5,0.00187399,0.0233871,0,6.049e-08
102.559,0.5,0.0707705,0.0240818,0,0
116.892,0.5,0.0253536,0.022276,0,0
145.665,0.5,0.000885723,0.0238247,0,0
165.317,0.5,0.00319034,0.0243738,0,0
189.68,0.5,0.170185,0.0235797,0,3.573e-08
208.525,0.5,0.0498816,0.0228354,8.347e-08,0
237.399,0.5,0.0264484,0.0251775,0,3.542e-08
273.679,0.5,0.0248649,0.0244078,0,0
291.021,0.5,0.0165444,0.023226,0,0
311.35,0.5,0.00105597,0.0234938,0,0
347.833,0.5,0.079297,0.0218152,2.32e-07,0
353.637,0.5,2.16691e-05,0.0230006,0,0
376.966,0.5,0.00111585,0.0233348,0,1.4e-07
397.645,0.5,0.00580213,0.0225741,0,0
410.27,0.5,0.0194823,0.022507,0,0
434.116,0.5,0.00982395,0.023298,0,0
463.25,0.5,0.0054458,0.0237786,1.346e-06,0
478.487,0.5,0.00395577,0.0244387,0,2.29e-07
488.887,0.5,0.000863493,0.0233832,0,0
518.439,0.5,0.0497188,0.0220681,2.29e-07,0
535.381,0.5,0.0446509,0.0239851,0,3.66e-07
580.202,0.5,0.0405705,0.0223029,0,0
595.139,0.5,0.0871342,0.02301,1.002e-06,0
620.069,0.5,0.0303556,0.0228605,0,1.44e-07
628.635,0.5,0.00659114,0.023,0,0
661.29,0.5,0.126598,0.0241555,0,0
693.169,0.5,0.0423526,0.0228284,0,0
708.384,0.5,0.0219953,0.0232837,3.33e-05,0
721.685,0.5,0.001965,0.00315,0,0.000411
730.2,0.5,0.00105331,0.023,0.000149,0
765.177,0.5,0.00892783,0.023,0,0
790.886,0.5,0.00674309,0.023,0,0
821.694,0.5,0.067593,0.0220804,0,2.35e-07
851.136,0.5,0.0664731,0.0235339,2.597e-06,0
856.221,0.5,0.0909518,0.0232746,0,1.405e-06
866.585,0.5,0.00597276,0.023,0,0
905.166,0.5,0.0557681,0.0237378,0,0
925.199,0.5,0.0157795,0.023,0,0
937.174,0.5,0.15592,0.0236809,0,0
958.668,0.5,0.212978,0.0231813,0,0
991.757,0.5,0.394718,0.0242232,0,0
1006.28,0.5,4.0661e-05,0.023,0,0
1023.11,0.5,0.00917301,0.023,0,0
1054.64,0.5,0.0956014,0.023,0,0
1057.85,0.5,7.85277e-05,0.023,0,0
1098.86,0.5,0.0215887,0.023,0,0
1109.27,0.5,0.0367187,0.023,0,0
1140.53,0.5,0.237349,0.023,2.338e-06,0
1167.83,0.5,0.0903308,0.023,0,1.53e-05
1177.4,0.5,0.0663581,0.023,0,0
1195.03,0.5,0.096018,0.023,0,0
1211.32,0.5,0.0105686,0.0066,0.000236,0
1245.27,0.5,0.260271,0.023,0,0
1267.26,0.5,0.0296211,0.023,0,0
1273.2,0.5,0.0263423,0.023,0,0
1298.82,0.5,0.00393169,0.023,0,0
1326.18,0.5,5.96129e-05,0.023,0,0
1337.06,0.5,9.43532e-05,0.023,0,0
1361.17,0.5,0.000477022,0.023,0,0
1394.04,0.5,0.214615,0.023,0,0
1405.67,0.5,0.0746253,0.023,0,0
1420.01,0.5,0.00978133,0.023,0,0
1428.25,0.5,0.0296442,0.023,0,0
1444.33,0.5,0.0172488,0.023,0,0
1474.08,0.5,0.124269,0.023,0,0
1490.99,0.5,0.000116512,0.023,0,0
1522.95,0.5,0.248743,0.023,0,0
1558.08,0.5,7.57748e-05,0.023,0,0
1565.54,0.5,0.00591902,0.023,0,0
1591.69,0.5,0.00136204,0.023,0,0
1598.16,0.5,0.38363,0.023,0,0
1622.95,0.5,0.103956,0.023,0,0
1638.34,0.5,0.0507025,0.023,0,0
1662.7,0.5,0.229821,0.023,0,0
1689.05,0.5,0.108485,0.023,0,0
1710.06,0.5,0.0857358,0.023,0,0
1723.05,0.5,0.0191463,0.023,0,0
1756.14,0.5,0.134773,0.023,0,0
1782.61,0.5,0.234032,0.023,0,0
1783.17,0.5,0.426492,0.023,0,0
1808.67,0.5,0.0205601,0.023,0,0
1823.95,0.5,0.000894175,0.023,0,0
1846.35,0.5,0.0121426,0.023,0,0
1867.31,0.5,0.000912932,0.023,0,0
1903.08,0.5,0.0472611,0.023,0,0
1917.44,0.5,0.0443165,0.023,0,0
1954.05,0.5,0.0044496,0.023,0,0
1969.29,0.5,0.802001,0.023,0,0
1975.18,0.5,0.474367,0.023,0,0
2000.88,0.5,0.000450484,0.023,0,0
2023.99,0.5,0.230905,0.023,0,0
2030.79,0.5,0.0509304,0.023,0,0
2052.95,0.5,0.000781735,0.023,0,0
2088.87,0.5,0.028317,0.023,0,0
2096.6,0.5,0.0308942,0.023,0,0
2124.43,0.5,0.00331702,0.023,0,0
2145.86,0.5,0.0752606,0.023,0,0
2153.07,0.5,0.309042,0.023,0,0
2186.9,0.5,0.602329,0.023,0,0
2201.65,0.5,0.111095,0.0268044,0,0
2260.03,0.5,0.103456,0.023,0,0
2264.5,0.5,0.00661553,0.023,0,0
2266.89,0.5,0.235639,0.023,0,0
2282.24,0.5,0.200699,0.023,0,0
2316.23,0.5,0.0184578,0.023,0,0
2353.11,0.5,0.0526908,0.023,0,0
2356.07,0.5,0.0898878,0.023,0,0
2392.34,0.5,0.0325906,0.023,0,0
2427.27,0.5,0.164774,0.023,0,0
2447.08,0.5,0.230838,0.023,0,0
2456.11,0.5,0.0207768,0.023,0,0
2489.54,0.5,0.107841,0.023,0,0
2509.11,0.5,0.000260242,0.023,0,0
2521.73,0.5,0.0231852,0.023,0,0
2548.55,0.5,0.737536,0.023,0,0
2559.93,0.5,0.29727,0.023,0,0
2581.52,0.5,0.47315,0.023,0,0
2597.99,0.5,0.79743,0.023,0,0
2620.42,0.5,0.0514975,0.023,0,0
2647.61,0.5,0.000437842,0.023,0,0
2672.58,0.5,0.30166,0.023,0,0
2696.9,0.5,0.0378373,0.023,0,0
2717.68,0.5,0.179556,0.023,0,0
2751.21,0.5,0.0483427,0.0284141,0,0
2763.01,0.5,0.0207919,0.023,0,0
2787.89,0.5,0.0204948,0.023,0,0
2806.88,0.5,0.0123746,0.023,0,0
2829.77,0.5,0.0249491,0.023,0,0
2865.84,0.5,0.226098,0.023,0,0
2883.21,0.5,0.672308,0.023,0,0
2897.75,0.5,0.0254128,0.023,0,0
2934.11,0.5,0.0452705,0.023,0,0
2957.45,0.5,0.0281996,0.023,0,0
2968.1,0.5,0.00436638,0.023,0,0
3004.08,0.5,0.140148,0.023,0,0
3029.1,0.5,0.150541,0.023,0,0
3044.3,0.5,0.00381438,0.023,0,0
3060.05,0.5,0.037087,0.023,0,0
3081.6,0.5,0.00292191,0.023,0,0
3110.72,0.5,0.233657,0.023,0,0
3149.53,0.5,0.13201,0.023,0,0
3179.37,0.5,0.106126,0.023,0,0
3189.41,0.5,0.125262,0.023,0,0
3206.31,0.5,0.105536,0.023,0,0
3226.88,0.5,0.0319029,0.023,0,0
3249.38,0.5,0.0336197,0.023,0,0
3280.03,0.5,0.303986,0.023,0,0
3312.7,0.5,0.176439,0.023,0,0
3322.16,0.5,0.158162,0.023,0,0
3334.16,0.5,0.123876,0.023,0,0
3356.27,0.5,0.137914,0.023,0,0
3390.26,0.5,0.030009,0.023,0,0
3409.24,0.5,0.252525,0.023,0,0
3413.97,0.5,0.00196243,0.023,0,0
3436.96,0.5,0.433927,0.023,0,0
3458.72,0.5,0.750593,0.023,0,0
3486.27,0.5,0.106052,0.023,0,0
3496.4,0.5,0.0101362,0.023,0,0
3522.38,0.5,0.00225761,0.023,0,0
3543.25,0.5,0.000573652,0.023,0,0
3562.11,0.5,0.261635,0.023,0,0
3574.57,0.5,0.452984,0.023,0,0
3595.45,0.5,0.056315,0.027,0,0
3623.81,0.5,0.0311578,0.027,0,0
3630.34,0.5,0.560545,0.023,0,0
3662.24,0.5,0.00283072,0.023,0,0
3693.75,0.5,0.419173,0.023,0,0
3717.22,0.5,0.0984016,0.023,0,0
3734.74,0.5,0.229313,0.023,0,0
3747.38,0.5,0.000914367,0.023,0,0
3765.66,0.5,0.106356,0.023,0,0
3782.53,0.5,0.486634,0.023,0,0
3808.36,0.5,0.000602073,0.023,0,0
3832.55,0.5,0.0140647,0.023,0,0
3858.45,0.5,0.611317,0.023,0,0
3873.74,0.5,0.197662,0.023,0,0
3902.82,0.5,0.311426,0.023,0,0
3915.61,0.5,0.12316,0.023,0,0
3940.66,0.5,0.181962,0.023,0,0
3955.55,0.5,0.145171,0.023,0,0
3963,0.5,0.00086952,0.023,0,0
3999.18,0.5,0.000402089,0.023,0,0
4016.07,0.5,0.00208778,0.023,0,0
4037.95,0.5,0.00069356,0.023,0,0
4042.36,0.5,0.0808464,0.023,0,0
4065.2,0.5,0.0305873,0.023,0,0
4091.12,0.5,0.12724,0.0282725,0,0
4126.35,0.5,0.0452706,0.023,0,0
4133.73,0.5,0.0047537,0.023,0,0
4169.73,0.5,0.190763,0.023,0,0
4179.79,0.5,0.0341043,0.023,0,0
4211.82,0.5,0.0619921,0.023,0,0
4226.69,0.5,0.00965158,0.023,0,0
4258.59,0.5,0.00358185,0.023,0,0
4300.67,0.5,0.168067,0.023,0,0
4308.15,0.5,0.114253,0.023,0,0
4326.35,0.5,0.0990309,0.023,0,0
4335.37,0.5,0.0133202,0.023,0,0
4371.15,0.5,0.106808,0.023,0,0
4376.1,0.5,0.0497918,0.023,0,0
4396.85,0.5,0.00805721,0.023,0,0
4436.79,0.5,0.111342,0.023,0,0
4460.45,0.5,1.00151e-05,0.023,0,0
4503.62,0.5,0.0091242,0.023,0,0
4513.11,0.5,0.648795,0.023,0,0
4529.9,0.5,0.00210583,0.023,0,0
4544.87,0.5,0.122512,0.023,0,0
4569.08,0.5,0.0546669,0.023,0,0
4595.63,0.5,0.0378568,0.023,0,0
4619.5,0.5,0.0228299,0.023,0,0
4633.74,0.5,0.0313126,0.023,0,0
4664.26,0.5,0.153608,0.0261094,0,0
4696.71,0.5,0.0389122,0.023,0,0
4707.18,0.5,0.342558,0.023,0,0
4729.06,0.5,0.0355583,0.023,0,0
4738.11,0.5,0.000756219,0.023,0,0
4766.92,0.5,0.037716,0.023,0,0
4786.26,0.5,0.020576,0.023,0,0
4801.22,0.5,0.190657,0.023,0,0
4813.07,0.5,0.00514719,0.023,0,0
4840.5,0.5,0.0187124,0.023,0,0
4860.86,0.5,0.282734,0.023,0,0
4900.26,0.5,0.121111,0.023,0,0
4909.5,0.5,0.149646,0.023,0,0
4922.52,0.5,0.208349,0.023,0,0
4956.94,0.5,0.167626,0.023,0,0
4975.26,0.5,0.0778037,0.023,0,0
5008.18,0.5,0.0582138,0.023,0,0
5037.63,0.5,0.278677,0.023,0,0
5041.5,0.5,0.0307755,0.023,0,0
5075.95,0.5,0.0277024,0.023,0,0
5089.43,0.5,0.0574021,0.023,0,0
5119.8,0.5,0.179062,0.023,0,0
5138.46,0.5,0.00423703,0.0175901,0,0
5165.62,0.5,0.0181636,0.023,0,0
5178.79,0.5,0.00548258,0.023,0,0
5196.86,0.5,0.00956777,0.023,0,0
5215.5,0.5,0.0073259,0.023,0,0
5222.05,0.5,0.0388477,0.023,0,0
5244.28,0.5,0.0421509,0.026,0,0
5261.08,0.5,0.191936,0.023,0,0
5280.06,0.5,0.0178684,0.023,0,0
5303.49,0.5,2.00283e-05,0.023,0,0
5311.53,0.5,0.0324933,0.023,0,0
5346.73,0.5,0.0716235,0.023,0,0
5355.02,0.5,0.126358,0.023,0,0
5367.4,0.5,0.0243119,0.023,0,0
5421.64,0.5,0.0794066,0.023,0,0
5431.72,0.5,0.0410536,0.023,0,0
5485.01,0.5,0.373457,0.023,0,0
5490.09,0.5,0.214237,0.023,0,0
5505.53,0.5,0.0298937,0.023,0,0
5531.34,0.5,0.0872528,0.023,0,0
5554.07,0.5,0.162495,0.023,0,0
5580.28,0.5,0.0843726,0.023,0,0
5618.61,0.5,1.00003e-07,0.023,0,0
5638.98,0.5,0.492676,0.023,0,0
5651.66,0.5,0.596697,0.023,0,0
5674.61,0.5,0.103109,0.023,0,0
5684.36,0.5,0.146311,0.023,0,0
5697.67,0.5,0.0368332,0.0218984,0,2.85998e-05
5733.97,0.5,0.0411081,0.023,2.77e-05,0
5758.42,0.5,0.128205,0.023,0,0
5790.99,0.5,0.0564059,0.023,0,0
5815.29,0.5,0.129458,0.023,0,0
5828.92,0.5,0.107367,0.023,0,0
5840.12,0.5,0.164963,0.023,0,0
5862.55,0.5,0.201944,0.023,0,0
5874.14,0.5,0.0443124,0.023,0,0
5919.69,0.5,0.414044,0.023,0,0
5945.19,0.5,0.00711385,0.023,0,0
5970.11,0.5,0.016624,0.023,0,0
5975.83,0.5,0.0293515,0.023,0,0
5997.92,0.5,0.0860165,0.023,0,0
6038.17,0.5,0.542692,0.023,0,0
6051.13,0.5,0.180078,0.023,0,0
6061.57,0.5,0.178343,0.023,0,0
6061.76,0.5,0.17946,0.023,0,0
6093.56,0.5,0.0463044,0.023,0,0
6131.56,0.5,0.000905415,0.023,0,0
6170.77,0.5,1.11837,0.023,0,0
6172.94,0.5,0.316697,0.023,0,0
6196.12,0.5,0.134436,0.023,0,0
6201.68,0.5,0.216816,0.023,0,0
6233.76,0.5,0.183568,0.023,0,0
6248.88,0.5,0.278039,0.023,0,0
6299.47,0.5,0.0165319,0.023,0,0
6322.6,0.5,0.0646097,0.023,0,0
6343.9,0.5,0.213667,0.023,0,0
6345.12,0.5,0.0403559,0.023,0,0
6381.63,0.5,0.0251557,0.023,0,0
6394.23,0.5,0.00690971,0.023,0,0
6415.7,0.5,0.0235804,0.023,0,0
6430.83,0.5,0.0121594,0.023,0,0
6446.44,0.5,0.0947254,0.023,0,0
6461.71,0.5,0.82874,0.023,0,0
6508.08,0.5,0.307231,0.023,0,0
6540.6,0.5,0.413928,0.023,0,0
6551.93,0.5,0.324828,0.023,0,0
6552.23,0.5,0.0368349,0.023,0,0
6567.62,0.5,0.011672,0.023,0,0
6596.5,0.5,0.0178136,0.023,0,0
6636.35,0.5,0.0882177,0.023,0,0
6702.51,0.5,0.00453294,0.023,0,0
6714.6,0.5,0.445476,0.023,0,0
6743.77,0.5,0.948811,0.023,0,0
6764.83,0.5,0.090226,0.023,0,0
6783.99,0.5,0.0657444,0.023,0,0
6797.16,0.5,0.0587659,0.023,0,0
6816.86,0.5,0.0106784,0.023,0,0
6828.44,0.5,0.0922144,0.0310751,0,0
6879.55,0.5,0.569489,0.023,0,0
6893.96,0.5,0.111604,0.023,0,0
6895.41,0.5,0.0556079,0.023,0,0
6929.92,0.5,0.183151,0.023,0,0
6958.35,0.5,0.113781,0.023,0,0
6969.43,0.5,0.322136,0.023,0,0
6994.42,0.5,0.000940294,0.023,0,0
7012.74,0.5,0.00680643,0.023,0,0
7027.05,0.5,0.118469,0.023,0,0
7065.19,0.5,0.220337,0.023,0,0
7074.63,0.5,0.120543,0.023,0,0
7093.44,0.5,0.00481254,0.023,0,0.0005933
7128.19,0.5,0.0633423,0.023,0.0001042,0
7146.99,0.5,0.0310486,0.023,0,0
7170.36,0.5,0.026746,0.023,0,0
7188.2,0.5,0.00870198,0.0244935,0,0
7189.02,0.5,0.305856,0.0218627,0,0
7204.67,0.5,0.276011,0.0153759,0,0
7219.55,0.5,0.152855,0.023,0,0
7238.89,0.5,0.0183409,0.023,0,0
7251.54,0.5,0.123929,0.023,0,0
7287.79,0.5,0.595692,0.023,0,0
7301.75,0.5,0.0196084,0.023,0,0
7326.76,0.5,0.00511311,0.023,0,0
7354.45,0.5,0.00390092,0.023,0,0
7375.24,0.5,0.0480944,0.023,0,0
7401.05,0.5,0.0189106,0.023,0,0
7420.38,0.5,0.287627,0.023,0,0.000341
7432.34,0.5,0.0653706,0.023,0,0
7478.92,0.5,0.00220088,0.023,0,0
7503.37,0.5,0.0146809,0.023,0,0
7524.02,0.5,0.256818,0.023,0,0
7541.56,0.5,0.21991,0.023,0,0
7562.32,0.5,0.205215,0.023,0,0
7593.64,0.5,0.362765,0.023,0,0
7618.06,0.5,0.165225,0.023,0,0
7625.82,0.5,0.0604952,0.0352596,0,0
7638.13,0.5,0.00176902,0.023,0,0
7669.5,0.5,0.0123917,0.023,0,0
7683.52,0.5,0.110266,0.023,0,0
7700.44,0.5,0.382312,0.023,0,0
7735.03,0.5,0.0807688,0.023,0,0
7756.23,0.5,0.0008278,0.023,0,0
7782.29,0.5,0.618627,0.023,0.0001583,0
7808.62,0.5,0.296486,0.023,0,0.000164
7811.7,0.5,0.15668,0.023,0,0
7843.93,0.5,0.0930075,0.023,0,0
7848.56,0.5,0.0676336,0.023,0,0
7910.64,0.5,0.0865359,0.023,0,0
7930.09,0.5,0.00432962,0.023,0,0
7945.89,0.5,0.00941837,0.023,0,0
7961.27,0.5,0.015261,0.023,0,0
7980.55,0.5,0.123458,0.023,0,0
7997.52,0.5,0.005656,0.023,0,0
8037.05,0.5,0.331143,0.023,0,0
8049.32,0.5,0.81636,0.023,0,0
8061.57,0.5,0.00370496,0.023,0,0
8091.44,0.5,0.00411007,0.023,0,0
8106.04,0.5,0.789038,0.023,0,0
8140.75,0.5,0.288417,0.023,0,0
8142.16,0.5,0.0353355,0.023,0,0
8154.52,0.5,0.0253477,0.023,0,0
8201.86,0.5,0.00554356,0.023,0,0
8206.52,0.5,0.523089,0.023,0,0
8217.57,0.5,0.502536,0.023,0,0
8226.72,0.5,0.553945,0.023,0,0
8264.52,0.5,0.643803,0.023,0,0
8291.89,0.5,0.360525,0.023,0,0
8329.47,0.5,0.387332,0.023,0,0
8358.57,0.5,0.205738,0.023,0,0
8401.74,0.5,0.176239,0.023,0,0
8412,0.5,0.127661,0.023,0,0
8428.89,0.5,0.0031766,0.023,0,0
8442.42,0.5,0.00456417,0.023,0,0
8464.01,0.5,0.0165188,0.023,0,0
8496.69,0.5,0.174042,0.023,0,0
8520.33,0.5,0.00224728,0.023,0,0
8532.78,0.5,0.42879,0.023,0,0
8558.79,0.5,0.0353574,0.023,0,0
8565.04,0.5,0.00801779,0.023,0,0
8594.13,0.5,0.0643303,0.023,0,0
8614,0.5,0.0989698,0.023,0,0
8639.86,0.5,0.335902,0.023,0,0
8657.42,0.5,0.0730503,0.023,0,0
8682.51,0.5,0.00480352,0.023,0,0
8711.93,0.5,1.08068,0.023,0,0
8733.96,0.5,0.0548294,0.023,0,0
8748.22,0.5,0.00491741,0.023,0,0
8772.81,0.5,0.221337,0.023,0,0
8785.26,0.5,0.00410683,0.023,0,0
8798.98,0.5,0.00376177,0.023,0,0
8823.16,0.5,0.0576105,0.023,0,0
8846.71,0.5,0.340018,0.023,0,0
8857.18,0.5,0.14704,0.023,0,0
8890.52,0.5,0.312327,0.023,0,0
8896.93,0.5,0.00622931,0.023,0,0
8926.08,0.5,0.0181597,0.023,0,0
8947.53,0.5,0.169118,0.023,0,0
8964.56,0.5,0.385075,0.023,0,0
8979.06,0.5,0.00227042,0.023,0,0
9008.8,0.5,0.00629203,0.023,0,0
9020.6,0.5,0.149914,0.023,0,0
9037.9,0.5,0.0525366,0.023,0,0
9058.02,0.5,0.400038,0.0264553,0,0
9093.31,0.5,0.0755308,0.023,0,0
9124.6,0.5,0.00135837,0.023,0,0
9143.42,0.5,0.164144,0.023,0,0
9167,0.5,0.79258,0.023,0,0
9175.03,0.5,0.0115239,0.023,0,0
9199,0.5,0.00991784,0.023,0,0
9217.9,0.5,0.262652,0.023,0,0
9229.08,0.5,0.000216548,0.023,0,0
9241.35,0.5,0.0289969,0.023,0,0
9287.95,0.5,0.00612309,0.023,0,0
9306.57,0.5,0.027597,0.023,0,0
9325.35,0.5,0.00164791,0.023,0,0
9329.05,0.5,0.02293,0.023,0,0
9345.8,0.5,0.00321257,0.023,0.0006336,0
9362.75,0.5,0.155435,0.023,0,6.73e-05
9383.78,0.5,0.152997,0.023,0,0
9417.59,0.5,0.0624899,0.023,0,0
9422.31,0.5,0.324773,0.023,0,0
9442.95,0.5,0.00956575,0.023,0,0
9457.27,0.5,0.00106072,0.023,0,0
9467.58,0.5,0.152878,0.023,0,0
9470.85,0.5,0.817327,0.023,0,0
9530.52,0.5,0.227909,0.023,0,0
9543.19,0.5,0.00968991,0.023,0,0
9576.96,0.5,0.124077,0.023,0,0
9588.05,0.5,0.065917,0.023,0,0
9596.35,0.5,0.16196,0.023,0,0
9629.99,0.5,0.390175,0.023,0,0
9634.28,0.5,0.127805,0.023,0,0
9650.8,0.5,0.156864,0.023,0,0
9664.29,0.5,0.0140958,0.023,0,0
9683.29,0.5,0.0671115,0.023,0,0
9699.46,0.5,0.00582615,0.023,0,0
9702.16,0.5,0.0579106,0.023,0,0
9726.9,0.5,0.449968,0.023,0,0
9743.09,0.5,0.176891,0.023,0,0
9802.26,0.5,0.0557887,0.023,0,0
9816.05,0.5,0.00349734,0.023,0,0
9833.78,0.5,0.0474533,0.023,0,0
9851.9,0.5,0.0180143,0.023,0,0
9868.55,0.5,0.734309,0.023,0,0
9905.96,0.5,0.0187341,0.023,0,0
9923.97,0.5,0.00113908,0.023,0,0
9934.86,0.5,0.0861348,0.023,0,0
9957.94,0.5,0.185982,0.023,0,0
9985.92,0.5,0.125733,0.023,0,0
10055.3,0.5,0.0648359,0.023,0,0
10064.9,0.5,0.569423,0.023,0,0
10082.8,0.5,0.255869,0.023,0,0
10106.4,0.5,0.447543,0.023,0,0
10140.5,0.5,0.154387,0.023,0,0
10148.5,0.5,0.00246414,0.023,0,0
10162.7,0.5,0.419839,0.023,0,0
10177.2,0.5,0.00137125,0.023,0,0
10195.7,0.5,0.198756,0.023,0,0
10231.9,0.5,0.00686672,0.023,0,0
10242.2,0.5,0.215142,0.023,0,0
10257.1,0.5,0.000206245,0.023,0,0
10284.2,0.5,0.101696,0.0404676,0,0
10287.8,0.5,0.213095,0.0267067,0,0
10309.6,0.5,0.788359,0.023,0,0
10337.3,0.5,0.0151283,0.023,0,0
10349.2,0.5,0.757337,0.0241101,0,0
10352.8,0.5,0.000127928,0.023,0,0
10376.6,0.5,0.220601,0.0258066,0,0
10379.2,0.5,0.00203149,0.023,0,0
10409.7,0.5,0.22009,0.0278213,0,0
10432,0.5,0.00190039,0.023,0,0
10495.3,0.5,0.889112,0.01985,0,0
10500.9,0.5,0.00180769,0.023,0,0
10542.9,0.5,0.0899577,0.023,0,0
10557,0.5,0.000341381,0.023,0,0
10586.1,0.5,0.118375,0.0259561,0,0
10609.1,0.5,0.0685218,0.0246279,0,0
10641.3,0.5,0.194277,0.0249788,0,0
10648.9,0.5,0.601638,0.023,0,0
10671.5,0.5,0.123125,0.0218681,0,0
10710.5,0.5,0.334731,0.023977,0,0
10720.5,0.5,0.00355379,0.023,0,0
10727.9,0.5,0.10588,0.0238258,0,0
10731.2,0.5,0.00178335,0.023,0,0
10764,0.5,0.0736671,0.0384751,0,0
10783.5,0.5,0.36869,0.0263342,0,0
10823.6,0.5,0.385906,0.0258662,0,0
10840.7,0.5,0.272209,0.0323517,0,0
10882.5,0.5,1.4452,0.0230224,0,0
10922.1,0.5,0.3949,0.024952,0,0
10945.4,0.5,0.000576822,0.023,0,0
10958.6,0.5,0.0697998,0.023,0,0
11005.2,0.5,0.000497501,0.023,0,0
11023.7,0.5,0.329562,0.0316147,0,0
11037.9,0.5,0.0503238,0.023,0,0
11057.4,0.5,0.00041341,0.023,0,0
11066.6,0.5,0.00162997,0.023,0,0
11072.7,0.5,0.127797,0.023,0,0
11086.2,0.5,0.309572,0.0148381,0,0
11154,0.5,0.517159,0.0205164,0,0
11172.8,0.5,0.170792,0.0350493,0,0
11229,0.5,0.30706,0.030443,0,0
11244.4,0.5,0.104777,0.023,0,0
11262.5,0.5,0.238197,0.0270753,0,0
11301.4,0.5,0.00544629,0.023,0,0
11318,0.5,0.33868,0.0354526,0,0
11340.8,0.5,0.175708,0.0262684,0,0
11351.3,0.5,0.00137274,0.023,0,0
11357.2,0.5,0.000800185,0.023,0,0
11376.1,0.5,0.117632,0.0169913,0,0
11400.5,0.5,0.886533,0.023,0.00054,0
11424.5,0.5,0.0889739,0.023,0,0
11445.4,0.5,0.163863,0.023,0,0.00054
11457.5,0.5,0.0551188,0.023,0,0
11495.3,0.5,0.000368755,0.023,0,0
11509.8,0.5,0.201212,0.023,0,0
11539.6,0.5,0.484132,0.0213253,0,0
11546.1,0.5,0.0848914,0.023,0,0
11563,0.5,0.414482,0.0242956,0,0
11565.6,0.5,0.00188435,0.023,0,0
11578.1,0.5,0.330508,0.0249019,0,0
11585.2,0.5,0.00123136,0.023,0,0
11613.5,0.5,0.0298449,0.0249343,0,0
11655.5,0.5,0.466128,0.0285563,0,0
11659.1,0.5,0.151388,0.0181724,0,0
11691.2,0.5,0.409072,0.0244547,0,0
11711.3,0.5,0.418477,0.0236535,0,0
11729.9,0.5,0.248433,0.0259688,0,0
11762.8,0.5,0.0751893,0.0260854,0,0
11808.5,0.5,0.205669,0.023,0,0
11822.2,0.5,0.00150754,0.023,0,0
11859.4,0.5,0.453814,0.023,0,0
11868,0.5,0.00267957,0.023,0,0
11893.2,0.5,0.0300663,0.0284822,0,0
11921.7,0.5,0.14519,0.022,0,0
11956.9,0.5,0.0133348,0.0242108,0,0
11958.1,0.5,0.835507,0.023,0,0
11972,0.5,0.217183,0.0242564,0,0
11984.4,0.5,0.367434,0.0198156,0,0
12000.8,0.5,0.000988159,0.023,0,0
12037.8,0.5,0.341135,0.023,0,0
12061.1,0.5,0.147429,0.0385836,0,0
12084.4,0.5,0.157065,0.0150038,0,0
12108.9,0.5,0.00276174,0.023,0,0
12124.2,0.5,0.0021251,0.023,0,0
12133.3,0.5,0.655251,0.029113,0,0
12137.3,0.5,0.838681,0.0153931,0,0
12160.6,0.5,0.044851,0.0201551,0,0
12203.8,0.5,1.26053,0.0265988,0,0
12248,0.5,0.309644,0.023,0,0
12266.9,0.5,0.159987,0.023,0,0
12279.3,0.5,1.00442,0.0274706,0,0
12327.7,0.5,0.466581,0.023,0,0
12333.1,0.5,0.0291662,0.0171268,0,0
12374.2,0.5,0.0801206,0.0299835,0,0
12412.3,0.5,0.0620559,0.0408476,0,0
12455.2,0.5,0.0494976,0.0211127,0,0
12495,0.5,0.29311,0.023,0,0
12520.1,0.5,0.0429845,0.023,0,0
12526.2,0.5,0.406246,0.0269129,0,0
12563.5,0.5,0.118502,0.0441534,0,0
12572.4,0.5,0.71017,0.023,0,0
12644,0.5,1.19825,0.0354028,0,0
12657.7,0.5,0.188034,0.023,0,0
12671.9,0.5,0.00111021,0.023,0,0
12702.2,0.5,1.06485,0.0178929,0,0
12720.8,0.5,0.696496,0.0258006,0,0
12760.5,0.5,0.160155,0.023,0,0
12787.9,0.5,0.912523,0.023,0,0
12803.7,0.5,0.00590884,0.023,0,0
12832.8,0.5,0.620617,0.0267532,0,0
12840.8,0.5,0.859855,0.023,0,0
12887.7,0.5,0.133236,0.0230155,0,0
12898.6,0.5,0.425434,0.023,0,0
12912.9,0.5,1.00865,0.023,0,0
12934.5,0.5,0.088384,0.0361355,0,0
12956.2,0.5,0.0810283,0.0374349,0,0
12972,0.5,0.00342103,0.023,0,0
12983.6,0.5,0.0428137,0.023,0,0
13015.4,0.5,0.00747562,0.023,0,0
13043.4,0.5,0.116542,0.023,0,0
13052.3,0.5,1.20948,0.023,0,0
13054.2,0.5,0.00544472,0.023,0,0
13072,0.5,0.107332,0.023,0,0
13086.8,0.5,0.131628,0.023,0,0
13102.2,0.5,0.0415089,0.023,0,0
13155,0.5,0.142929,0.0267852,0,0
13172.5,0.5,0.152205,0.023,0,0
13202.3,0.5,0.29083,0.023,0,0
13228.2,0.5,0.509466,0.0186544,0,0
13250.7,0.5,1.40885,0.023,0,0
13263.7,0.5,0.208955,0.023,0,0
13285.3,0.5,0.0944435,0.023,0,0
13322.6,0.5,0.583938,0.023,0,0
13365.5,0.5,0.595226,0.023,0,0
13414.8,0.5,0.200924,0.023,0,0
13436.2,0.5,0.369791,0.023,0,0
13453.3,0.5,0.00272557,0.023,0,0
13496.3,0.5,0.00775315,0.023,0,0
13500.6,0.5,0.216107,0.023,0,0
13509.9,0.5,0.0168715,0.023,0,0
13514.7,0.5,0.238916,0.023,0,0
13541.7,0.5,0.22703,0.023,0,0
13560.5,0.5,0.481036,0.023,0,0
13611.1,0.5,0.236852,0.023,0,0
13623.3,0.5,0.0289407,0.023,0,0
13639.8,0.5,0.396531,0.023,0,0
13644.9,0.5,0.258255,0.023,0,0
13662,0.5,0.00439379,0.023,0,0
13664.6,0.5,0.101648,0.023,0,0
13685.4,0.5,0.312707,0.023,0,0
13720,0.5,0.402166,0.023,0,0
13746.8,0.5,0.0014762,0.023,0,0
13795.8,0.5,0.599355,0.023,0,0
13804.4,0.5,0.612726,0.023,0,0
13814.1,0.5,0.265139,0.023,0,0
13828.7,0.5,0.0009419,0.023,0,0
13838.4,0.5,0.229235,0.023,0,0
13867.6,0.5,0.0708298,0.023,0,0
13885.6,0.5,0.0239834,0.023,0,0
13903.3,0.5,0.431574,0.023,0,0
13921.2,0.5,0.000508597,0.023,0,0
13965.3,0.5,0.294128,0.023,0,0
13982.5,0.5,0.350014,0.023,0,0
13995.1,0.5,0.00250232,0.023,0,0
14001.7,0.5,0.178665,0.0214156,0,0
14009.3,0.5,0.00121988,0.023,0,0
14035.2,0.5,0.154829,0.023,0,0
14056.6,0.5,0.799503,0.0240883,0,0
14091,0.5,0.214064,0.024861,0,0
14094.9,0.5,0.409425,0.019664,0,0
14126.7,0.5,0.396235,0.0240008,0,0
14163.6,0.5,0.104427,0.023,0,0
14184.1,0.5,0.343902,0.023,0,0
14217.7,0.5,0.576202,0.023,0,0
14230.6,0.5,0.00410532,0.023,0,0
14235.9,0.5,0.430792,0.0213567,0,0
14271.4,0.5,0.0264575,0.0218376,0,0
14288.3,0.5,0.46977,0.023,0,0
14309.1,0.5,0.123651,0.023,0,0
14340,0.5,0.0343027,0.023,0,0
14342.5,0.5,0.00746465,0.023,0,0
14369,0.5,0.0123912,0.023,0,0
14394.3,0.5,0.0221186,0.023,0,0
14416.1,0.5,0.972309,0.0285772,0,0
14435.7,0.5,0.187997,0.0210462,0.00016,0
14446.7,0.5,0.00778947,0.023,0,0.00016
14494.6,0.5,0.229711,0.023,0,0
14503.4,0.5,0.017925,0.023,0,0
14505.8,0.5,0.0768681,0.023,0,0
14532.6,0.5,0.671329,0.0212548,0,0
14555,0.5,0.0043331,0.023,0,0
14598.9,0.5,0.0600455,0.0297832,0,0
14613.2,0.5,0.0481138,0.0218336,0,0
14638.5,0.5,0.53798,0.0240364,0,0
14695.5,0.5,1.44851,0.0210263,0,0
14710.2,0.5,0.347229,0.023,0,0
14733.1,0.5,0.00484681,0.023,0,0
14785.5,0.5,0.375741,0.0252265,0,0
14792.7,0.5,0.00523708,0.023,0,0
14799.6,0.5,0.0302682,0.0212212,0,0
14815.5,0.5,0.00371783,0.023,0,0
14818.9,0.5,0.887562,0.0242292,0,0
14828.3,0.5,2.76533,0.023,0,0
14867.2,0.5,0.271224,0.0271413,0,0
14909.7,0.5,0.0508226,0.0245186,0,0
14954.9,0.5,0.262655,0.0191135,0,0
14982.5,0.5,0.146974,0.023,0,0
14998.1,0.5,0.5462,0.0243452,0,0
15027.3,0.5,0.100296,0.023,0,0
15047.3,0.5,0.923814,0.0242603,0,0
15061.2,0.5,0.214491,0.023,0,0
15087.7,0.5,0.364725,0.023,0,0
15121.3,0.5,0.59162,0.023,0,0
15132.7,0.5,0.168171,0.023,0,0
15178.6,0.5,0.00149785,0.023,0,0
15194.4,0.5,0.251443,0.023,0.000528,0
15208.4,0.5,0.767102,0.023,0.000528,0
15225.1,0.5,0.00334299,0.023,0,0
15234,0.5,0.0326376,0.023,0,0
15245.1,0.5,0.139497,0.023,0,0
15253.9,0.5,0.399162,0.023,0,0
15270.6,0.5,0.626842,0.023,0,0
15309.6,0.5,0.211173,0.018,0,0
15396.8,0.5,0.214159,0.023,0,0
15402,0.5,0.901118,0.023,0,0
15420.1,0.5,0.435687,0.028,0,0
15429.1,0.5,0.155547,0.023,0,0
15447.4,0.5,0.0338878,0.023,0,0
15471.5,0.5,0.051105,0.023,0,0
15488.9,0.5,1.04012,0.023,0.0002,0
15514.8,0.5,0.0165525,0.023,0.000522,0
15595.5,0.5,1.13556,0.023,0,0.0002
15612.4,0.5,0.458312,0.023,0,0
15645,0.5,0.258754,0.023,0,0
15668.9,0.5,0.0914947,0.023,0,0
15692.7,0.5,0.016712,0.023,0,0
15744.9,0.5,0.293512,0.023,0,0
15759.9,0.5,0.211563,0.023,0,0
15778.1,0.5,0.325298,0.018,0,0
15802.2,0.5,0.0554883,0.023,0,0
15818.6,0.5,0.0159143,0.023,0,0
15844.5,0.5,0.115681,0.023,0,0
15866.4,0.5,0.896671,0.023,0,0
15929.5,0.5,0.368865,0.023,0,0
15942.3,0.5,0.217477,0.023,0,0
15953.9,0.5,0.0124414,0.023,0,0
15983.5,0.5,1.66799,0.023,0,0
16001.9,0.5,0.698679,0.023,0,0
16022.1,0.5,0.0397476,0.023,0,0
16047.6,0.5,0.131141,0.023,0,0
16086.3,0.5,0.45,0.023,0,0
16129.8,0.5,0.00138492,0.023,0,0
16154.1,0.5,0.572474,0.029,0,0
16196.5,0.5,0.263461,0.033,0,0
16207.5,0.5,0.0954839,0.023,0,0
16260.3,0.5,0.223658,0.023,0,0
16274.9,0.5,0.00216198,0.023,0,0
16298.5,0.5,0.0234621,0.018,0,0
16310.4,0.5,0.00657628,0.023,0,0
16314.3,0.5,1.55494,0.02,0,0
16334.7,0.5,0.0507723,0.027,0,0
16352.2,0.5,0.0979661,0.023,0,0
16387.3,0.5,0.837615,0.023,0,0
16397.4,0.5,0.0114927,0.023,0,0
16413.1,0.5,0.0136119,0.026,0,0
16444.4,0.5,0.0708297,0.03,0,0
16484.4,0.5,0.381963,0.023,0,0
16509.2,0.5,0.0871116,0.023,0,0
16533.5,0.5,0.0735657,0.023,0,0
16543.2,0.5,0.50421,0.023,0,0
16582.9,0.5,0.727913,0.023,0,0
16599.1,0.5,0.00809221,0.023,0,0
16605.4,0.5,0.197502,0.023,0,0
16626.2,0.5,0.874315,0.023,0,0
16660.3,0.5,0.401219,0.023,0,0
16679.6,0.5,0.20182,0.023,0,0
16689.1,0.5,0.0177258,0.01,0,0
16748.9,0.5,0.155782,0.023,0,0
16761.1,0.5,0.156217,0.023,0,0
16775,0.5,0.168017,0.028,0,0
16782.5,0.5,0.372226,0.019,0,0
16816.7,0.5,0.00272688,0.023,0,0
16827,0.5,0.096195,0.023,0,0
16852.2,0.5,0.414347,0.023,0,0
16861.4,0.5,0.00423259,0.023,0,0
16878.6,0.5,0.0769591,0.023,0,0
16911.2,0.5,0.111609,0.023,0,0
16915.8,0.5,0.0345009,0.023,0,0
16926.8,0.5,0.417126,0.023,0,0
16950.1,0.5,0.872198,0.023,0,0
16966.8,0.5,0.380942,0.027,0,0
16988.6,0.5,0.460621,0.023,0,0
16993,0.5,0.00161318,0.023,0,0
17017.4,0.5,1.56682,0.0217857,0,0
17033.4,0.5,1.16008,0.0213731,0,0
17042.1,0.5,0.200486,0.0213375,0,0
17090.9,0.5,0.00405595,0.023,0,0
17100.2,0.5,0.228802,0.0244164,0,0
17145.5,0.5,0.119114,0.0218305,0,0
17158.8,0.5,0.000837712,0.023,0,0
17173.8,0.5,0.0872375,0.0247681,0,0
17212.1,0.5,0.374636,0.023,0,0
17242.2,0.5,3.2019,0.023,0,0
17280.3,0.5,0.243848,0.0314766,0,0
17345.7,0.5,0.0824654,0.0194848,0,0
17352.4,0.5,0.00348582,0.023,0,0
17366.2,0.5,0.338236,0.0187285,0,0
17420.1,0.5,0.538265,0.0217534,0,0
17425.6,0.5,0.181697,0.0184287,0,0
17453.1,0.5,1.19868,0.0302561,0,0
17456.3,0.5,0.684944,0.0205926,0,0
17477,0.5,0.00130379,0.023,0,0
17499.3,0.5,0.104521,0.0198259,0,0
17524.5,0.5,0.348327,0.023,0,0
17530.8,0.5,0.79005,0.023,0,0
17551,0.5,0.235487,0.023,0,0
17568.5,0.5,0.0957491,0.023,0,0
17587.2,0.5,1.00986,0.018,0,0
17612.5,0.5,1.2801,0.023,0,0
17637.9,0.5,0.00601274,0.023,0,0
17653.1,0.5,0.0687294,0.023,0,0
17678.6,0.5,0.0858986,0.023,0,0
17729.8,0.5,0.387323,0.023,0,0
17753.4,0.5,0.000782687,0.023,0,0
17768.1,0.5,0.274934,0.045,0,0
17779.8,0.5,1.59143,0.017,0,0
17785.5,0.5,0.00329285,0.023,0,0
17805.3,0.5,0.466838,0.023,0,0
17811.1,0.5,0.768474,0.023,0,0
17842.9,0.5,0.00501989,0.023,0,0
17873,0.5,0.410231,0.023,0,0
17913.6,0.5,1.29197,0.023,0,0
17926.6,0.5,0.0116583,0.023,0,0
17944.9,0.5,0.859806,0.023,0,0
17952.9,0.5,1.85759,0.023,0,0
17960,0.5,0.00995526,0.023,0,0
17994.3,0.5,0.469269,0.012,0,0
18021.5,0.5,0.0823388,0.023,0,0
18028.1,0.5,0.0302672,0.023,0,0
18044.3,0.5,1.42364,0.0249937,0,0
18058.5,0.5,0.00371609,0.023,0,0
18073.9,0.5,0.0498434,0.0258652,0.000196,0
18088.8,0.5,0.00310559,0.023,0,0.000196
18119.1,0.5,0.0562148,0.023,0,0
18137.7,0.5,0.448776,0.0248175,0,0
18152.2,0.5,0.270012,0.025963,0,0
18167.4,0.5,0.0125976,0.023,0,0
18195.1,0.5,0.409949,0.023,0,0
18228.9,0.5,0.22543,0.023,0,0
18246.9,0.5,0.124899,0.023,0,0
18297.7,0.5,0.274288,0.023,0,0
18333.2,0.5,0.251974,0.023,0,0
18353.8,0.5,1.96933,0.023,0,0
18444.1,0.5,0.133813,0.018,0,0
18464.1,0.5,0.00277299,0.023,0,0
18519.7,0.5,0.109553,0.023,0,0
18520.6,0.5,0.00578447,0.023,0,0
18570,0.5,0.0224299,0.023,0,0
18593.3,0.5,0.473978,0.023,0,0
18600.2,0.5,0.493801,0.023,0,0
18626.2,0.5,0.600764,0.023,0,0
18649.8,0.5,0.213313,0.023,0,0
18667.2,0.5,0.604362,0.023,0,0
18679.8,0.5,0.00208173,0.023,0,0
18691.6,0.5,0.129389,0.023,0,0
18724.6,0.5,0.529678,0.023,0,0
18746.3,0.5,0.0110883,0.023,0,0
18767.7,0.5,0.0821304,0.0244278,0,0
18786.1,0.5,0.0224861,0.023,0,0
18796.2,0.5,0.371187,0.0197347,0,0
18842.5,0.5,0.236472,0.0194832,0,0
18852.6,0.5,0.142131,0.0145817,0,0
18894.4,0.5,0.0610508,0.0177229,0,0
18896.4,0.5,0.0100071,0.023,0,0
18922.4,0.5,0.670085,0.0215,0,0
18929.3,0.5,0.598499,0.0182261,0,0
18962.8,0.5,0.011075,0.023,0,0
18978.2,0.5,0.0055799,0.023,0,0
19005.4,0.5,0.00688112,0.023,0,0
19010.8,0.5,0.35033,0.023,0,0
19026.9,0.5,0.0475981,0.0315986,0,0
19054.4,0.5,0.0213728,0.0128777,0,0
19073.3,0.5,0.0998521,0.023,0,0
19077,0.5,0.306253,0.023,0,0
19098.9,0.5,0.0125937,0.023,0,0
19125.1,0.5,0.245046,0.029038,0,0
19131.9,0.5,0.144406,0.018887,0,0
19176.4,0.5,0.0616539,0.0355871,0,0
19196.2,0.5,0.286597,0.023,0,0
19224,0.5,0.518084,0.023,0,0
19224.8,0.5,0.000297332,0.023,0,0
19259.6,0.5,0.655666,0.023,0,0
19278.6,0.5,0.132533,0.023,0,0
19286.8,0.5,0.00933268,0.023,0,0
19297.8,0.5,0.165578,0.023,0,0
19306.8,0.5,0.00471898,0.023,0,0
19315.3,0.5,0.30192,0.023,0,0
19321,0.5,0.00223941,0.023,0,0
19345.4,0.5,0.00306895,0.023,0,0
19364.6,0.5,0.311373,0.023,0,0
19436.1,0.5,0.0505893,0.012972,0,0
19496.5,0.5,0.734739,0.021125,0,0
19506.2,0.5,0.0054962,0.023,0,0
19527.4,0.5,0.142184,0.0130132,0,0
19535.6,0.5,0.094001,0.023203,0,0
19573.1,0.5,0.0807351,0.0374638,0,0
19598.3,0.5,0.106471,0.0359372,0,0
19669.2,0.5,1.18774,0.023,0,0
19692.8,0.5,0.0132639,0.023,0,0
19776.5,0.5,0.155109,0.0191637,0,0
19813.7,0.5,0.00278904,0.023,0,0
19828,0.5,0.0447488,0.0215398,0,0
19853.3,0.5,1.05828,0.023,0,0
19865.4,0.5,0.00873468,0.0245039,0,0
19910.1,0.5,0.808727,0.0200253,0,0
19920.7,0.5,0.00112203,0.023,0,0
19943.1,0.5,1.36204,0.020323,0,0
19952.5,0.5,0.00252915,0.023,0,0
19985.3,0.5,0.213242,0.0261949,0,0
20009,0.5,1.94725,0.023,0,0
20024.5,0.5,0.711413,0.023,0,0
20036.6,0.5,1.61724,0.023,0,0
20092.9,0.5,1.0165,0.023,0,0
20120,0.5,0.078768,0.023,0,0
20175,0.5,0.47423,0.023,0,0
24405.2,0.5,290.096,0.023,0,0
